ID,Nombre de usuario,Correo electr√≥nico
1,jose1234,jose123@gmail.com
2,ana92,ana92@hotmail.com
3,luisa20,luisa20@gmail.com
4,carlos87,carlos87@hotmail.com
5,maria45,maria45@gmail.com
6,juan89,juan89@gmail.com
7,patricia33,patricia33@hotmail.com
8,sergio72,sergio72@gmail.com
9,laura28,laura28@hotmail.com
10,andres41,andres41@gmail.com
11,clara56,clara56@hotmail.com
12,david63,david63@gmail.com
13,natalia19,natalia19@hotmail.com
14,pablo79,pablo79@gmail.com
15,sofia25,sofia25@hotmail.com
16,alejandro88,alejandro88@gmail.com
17,lucia32,lucia32@hotmail.com
18,javier54,javier54@gmail.com
19,luisa64,luisa64@hotmail.com
20,marcos29,marcos29@gmail.com
21,andrea49,andrea49@hotmail.com
22,pedro99,pedro99@gmail.com
23,laura17,laura17@hotmail.com
24,juan67,juan67@gmail.com
25,ana47,ana47@hotmail.com
26,luis81,luis81@gmail.com
27,carlos43,carlos43@hotmail.com
28,maria66,maria66@gmail.com
29,juan72,juan72@hotmail.com
30,luisa97,luisa97@gmail.com
31,carolina82,carolina82@hotmail.com
32,jose47,jose47@gmail.com
33,ana52,ana52@hotmail.com
34,pedro87,pedro87@gmail.com
35,carla45,carla45@hotmail.com
36,marcos92,marcos92@gmail.com
37,andrea59,andrea59@hotmail.com
38,pedro94,pedro94@gmail.com
39,carolina73,carolina73@hotmail.com
40,jose89,jose89@gmail.com
41,ana71,ana71@hotmail.com
42,lucas56,lucas56@gmail.com
43,carla78,carla78@hotmail.com
44,maria83,maria83@gmail.com
45,juan99,juan99@hotmail.com
46,Fernando Alonso,elnano33@gmail.com
47,Rodri,rodriayala@gmail.com
48,Xavi1,xavi@xavi.com
